start,open,high,low,close,volume
2026-08-23 10:38:00+00:00,1.4897,1.4901,1.4888,1.4897,135725.1
2026-08-23 10:39:00+00:00,1.4897,1.4897,1.4864,1.4873,748718.9
2026-08-23 10:40:00+00:00,1.4873,1.4886,1.485,1.4886,728257.5
2026-08-23 10:41:00+00:00,1.4886,1.4896,1.4877,1.4887,119004.0
2026-08-23 10:42:00+00:00,1.4887,1.4887,1.4871,1.4876,124251.6
2026-08-23 10:43:00+00:00,1.4876,1.4876,1.4841,1.4858,309039.0
2026-08-23 10:44:00+00:00,1.4858,1.487,1.4853,1.4854,98702.6
2026-08-23 10:45:00+00:00,1.4854,1.4856,1.4801,1.4812,1314767.5
2026-08-23 10:46:00+00:00,1.4812,1.482,1.4807,1.4816,483610.6
2026-08-23 10:47:00+00:00,1.4816,1.4845,1.4805,1.4844,261079.4
2026-08-23 10:48:00+00:00,1.4844,1.4846,1.4835,1.4835,52785.8
2026-08-23 10:49:00+00:00,1.4835,1.484,1.4815,1.482,405894.8
2026-08-23 10:50:00+00:00,1.482,1.4824,1.4776,1.4804,2417542.4
2026-08-23 10:51:00+00:00,1.4804,1.481,1.4778,1.4781,447511.6
2026-08-23 10:52:00+00:00,1.4781,1.4804,1.4781,1.4784,374867.2
2026-08-23 10:53:00+00:00,1.4784,1.4797,1.4779,1.4781,103068.8
2026-08-23 10:54:00+00:00,1.4781,1.4802,1.4779,1.4795,211235.9
2026-08-23 10:55:00+00:00,1.4795,1.4798,1.478,1.4781,118665.6
2026-08-23 10:56:00+00:00,1.4781,1.4784,1.4779,1.4781,213043.3
2026-08-23 10:57:00+00:00,1.4781,1.4781,1.4757,1.4761,2888086.0
2026-08-23 10:58:00+00:00,1.4761,1.4765,1.4754,1.4756,160201.8
2026-08-23 10:59:00+00:00,1.4756,1.4762,1.4755,1.4757,113502.4
2026-08-23 11:00:00+00:00,1.4757,1.4792,1.4756,1.4779,601173.6
2026-08-23 11:01:00+00:00,1.4779,1.4833,1.4779,1.481,870541.1
2026-08-23 11:02:00+00:00,1.481,1.4811,1.4798,1.4799,332837.1
2026-08-23 11:03:00+00:00,1.4799,1.48,1.4781,1.4784,95720.9
2026-08-23 11:04:00+00:00,1.4784,1.4797,1.4769,1.4796,213203.4
2026-08-23 11:05:00+00:00,1.4796,1.4812,1.479,1.4812,340273.6
2026-08-23 11:06:00+00:00,1.4812,1.4843,1.4812,1.4816,314044.8
2026-08-23 11:07:00+00:00,1.4816,1.4835,1.4815,1.4824,308622.9
2026-08-23 11:08:00+00:00,1.4824,1.484,1.4821,1.4824,368778.2
2026-08-23 11:09:00+00:00,1.4824,1.4826,1.4797,1.4806,55011.8
2026-08-23 11:10:00+00:00,1.4806,1.4808,1.4793,1.48,163850.7
2026-08-23 11:11:00+00:00,1.48,1.4812,1.4791,1.4812,297438.2
2026-08-23 11:12:00+00:00,1.4812,1.4815,1.4806,1.4808,94367.2
2026-08-23 11:13:00+00:00,1.4808,1.481,1.48,1.4809,49093.7
2026-08-23 11:14:00+00:00,1.4809,1.4814,1.4795,1.4798,67784.9
2026-08-23 11:15:00+00:00,1.4798,1.4808,1.4798,1.4804,52970.6
2026-08-23 11:16:00+00:00,1.4804,1.4809,1.479,1.4809,99022.8
2026-08-23 11:17:00+00:00,1.4809,1.4809,1.4798,1.4804,4007.5
2026-08-23 11:18:00+00:00,1.4804,1.4814,1.4794,1.4814,106834.1
2026-08-23 11:19:00+00:00,1.4814,1.4841,1.4808,1.4837,225674.7
2026-08-23 11:20:00+00:00,1.4837,1.4924,1.4833,1.4913,1716749.1
2026-08-23 11:21:00+00:00,1.4913,1.4964,1.4913,1.4947,908369.6
2026-08-23 11:22:00+00:00,1.4947,1.4953,1.493,1.4951,412669.7
2026-08-23 11:23:00+00:00,1.4951,1.498,1.4943,1.4952,639930.1
2026-08-23 11:24:00+00:00,1.4952,1.5013,1.4952,1.5006,1478961.9
2026-08-23 11:25:00+00:00,1.5006,1.5022,1.4992,1.4995,569937.3
2026-08-23 11:26:00+00:00,1.4995,1.4999,1.4973,1.4984,1878070.0
2026-08-23 11:27:00+00:00,1.4984,1.4992,1.4959,1.4961,536875.3
2026-08-23 11:28:00+00:00,1.4961,1.4973,1.493,1.4937,531112.8
2026-08-23 11:29:00+00:00,1.4937,1.494,1.4926,1.493,352708.3
2026-08-23 11:30:00+00:00,1.493,1.4948,1.4901,1.4941,1466977.5
2026-08-23 11:31:00+00:00,1.4941,1.4968,1.4931,1.4966,652437.5
2026-08-23 11:32:00+00:00,1.4966,1.4969,1.4943,1.4956,714276.0
2026-08-23 11:33:00+00:00,1.4956,1.4988,1.4956,1.4983,645446.4
2026-08-23 11:34:00+00:00,1.4983,1.4989,1.4968,1.4979,223640.7
2026-08-23 11:35:00+00:00,1.4979,1.4981,1.4965,1.4967,322434.0
2026-08-23 11:36:00+00:00,1.4967,1.4989,1.4962,1.4977,299727.6
2026-08-23 11:37:00+00:00,1.4977,1.5009,1.4942,1.4942,930433.5
2026-08-23 11:38:00+00:00,1.4942,1.5002,1.4942,1.4986,201819.3
2026-08-23 11:39:00+00:00,1.4986,1.5034,1.4984,1.5032,620105.3
2026-08-23 11:40:00+00:00,1.5032,1.5038,1.4999,1.4999,385349.5
2026-08-23 11:41:00+00:00,1.4999,1.5004,1.4971,1.4977,711858.0
2026-08-23 11:42:00+00:00,1.4977,1.4991,1.4975,1.4991,133506.4
2026-08-23 11:43:00+00:00,1.4991,1.4991,1.4961,1.498,310448.4
2026-08-23 11:44:00+00:00,1.498,1.4991,1.4978,1.499,112040.6
2026-08-23 11:45:00+00:00,1.499,1.4998,1.4982,1.4996,290715.7
2026-08-23 11:46:00+00:00,1.4996,1.5012,1.4989,1.4992,351372.1
2026-08-23 11:47:00+00:00,1.4992,1.5002,1.4972,1.4973,131735.1
2026-08-23 11:48:00+00:00,1.4973,1.4985,1.4936,1.4956,1585183.1
2026-08-23 11:49:00+00:00,1.4956,1.4962,1.4941,1.4962,208202.0
2026-08-23 11:50:00+00:00,1.4962,1.498,1.4962,1.497,190564.7
2026-08-23 11:51:00+00:00,1.497,1.499,1.4956,1.4959,169258.5
2026-08-23 11:52:00+00:00,1.4959,1.4988,1.4959,1.4978,280533.7
2026-08-23 11:53:00+00:00,1.4978,1.5,1.4977,1.4993,422314.2
2026-08-23 11:54:00+00:00,1.4993,1.5008,1.4981,1.4997,986588.8
2026-08-23 11:55:00+00:00,1.4997,1.5005,1.4986,1.5,294204.8
2026-08-23 11:56:00+00:00,1.5,1.5,1.4966,1.4967,154874.1
2026-08-23 11:57:00+00:00,1.4967,1.4981,1.4955,1.4958,318999.0
2026-08-23 11:58:00+00:00,1.4958,1.497,1.4948,1.495,155430.6
2026-08-23 11:59:00+00:00,1.495,1.4954,1.4937,1.4947,145570.0
2026-08-23 12:00:00+00:00,1.4947,1.4968,1.4935,1.4968,84760.2
2026-08-23 12:01:00+00:00,1.4968,1.497,1.4954,1.496,91886.1
2026-08-23 12:02:00+00:00,1.496,1.4963,1.4947,1.4959,146526.3
2026-08-23 12:03:00+00:00,1.4959,1.4959,1.4921,1.4946,549532.6
2026-08-23 12:04:00+00:00,1.4946,1.4949,1.4914,1.4931,359827.6
2026-08-23 12:05:00+00:00,1.4931,1.4941,1.4918,1.4921,126467.8
2026-08-23 12:06:00+00:00,1.4921,1.4922,1.4837,1.4861,2546291.8
2026-08-23 12:07:00+00:00,1.4861,1.4884,1.4848,1.4875,723958.3
2026-08-23 12:08:00+00:00,1.4875,1.4902,1.486,1.4902,1272229.2
2026-08-23 12:09:00+00:00,1.4902,1.4922,1.49,1.4922,151186.6
2026-08-23 12:10:00+00:00,1.4922,1.4928,1.4881,1.4888,344347.9
2026-08-23 12:11:00+00:00,1.4888,1.4895,1.4856,1.4867,735839.8
2026-08-23 12:12:00+00:00,1.4867,1.4884,1.4853,1.4882,131233.6
2026-08-23 12:13:00+00:00,1.4882,1.4899,1.4871,1.4887,90185.3
2026-08-23 12:14:00+00:00,1.4887,1.4914,1.4886,1.4907,239696.5
2026-08-23 12:15:00+00:00,1.4907,1.491,1.489,1.4893,140544.2
2026-08-23 12:16:00+00:00,1.4893,1.4921,1.4892,1.491,190213.4
2026-08-23 12:17:00+00:00,1.491,1.4919,1.489,1.4899,181539.7
2026-08-23 12:18:00+00:00,1.4899,1.49,1.4871,1.4891,187200.4
2026-08-23 12:19:00+00:00,1.4891,1.4902,1.4882,1.4895,122196.6
2026-08-23 12:20:00+00:00,1.4895,1.4935,1.4893,1.4925,426222.8
2026-08-23 12:21:00+00:00,1.4925,1.4948,1.492,1.4943,572263.3
2026-08-23 12:22:00+00:00,1.4943,1.4949,1.4926,1.4929,720571.0
2026-08-23 12:23:00+00:00,1.4929,1.4941,1.4924,1.4929,112912.8
2026-08-23 12:24:00+00:00,1.4929,1.493,1.4914,1.4917,134418.6
2026-08-23 12:25:00+00:00,1.4917,1.4923,1.4898,1.4898,216028.0
2026-08-23 12:26:00+00:00,1.4898,1.4907,1.4884,1.4887,153330.8
2026-08-23 12:27:00+00:00,1.4887,1.4888,1.4861,1.4879,814158.7
2026-08-23 12:28:00+00:00,1.4879,1.4899,1.4873,1.4899,155438.7
2026-08-23 12:29:00+00:00,1.4899,1.4903,1.4885,1.4893,284429.7
2026-08-23 12:30:00+00:00,1.4893,1.4932,1.4893,1.4926,150661.1
2026-08-23 12:31:00+00:00,1.4926,1.495,1.4926,1.4944,266841.2
2026-08-23 12:32:00+00:00,1.4944,1.4954,1.4936,1.494,241944.8
2026-08-23 12:33:00+00:00,1.494,1.4968,1.4939,1.4941,196483.5
2026-08-23 12:34:00+00:00,1.4941,1.4947,1.4926,1.4927,148255.3
2026-08-23 12:35:00+00:00,1.4927,1.4944,1.4913,1.4939,541838.2
2026-08-23 12:36:00+00:00,1.4939,1.4944,1.4925,1.4942,81092.7
2026-08-23 12:37:00+00:00,1.4942,1.4948,1.4928,1.4943,80027.8
2026-08-23 12:38:00+00:00,1.4943,1.4945,1.4925,1.4931,117638.5
2026-08-23 12:39:00+00:00,1.4931,1.4968,1.4931,1.4967,174698.9
2026-08-23 12:40:00+00:00,1.4967,1.4982,1.4961,1.4982,394698.2
2026-08-23 12:41:00+00:00,1.4982,1.4989,1.4974,1.4978,181618.9
2026-08-23 12:42:00+00:00,1.4978,1.4981,1.4953,1.4977,347246.9
2026-08-23 12:43:00+00:00,1.4977,1.4993,1.4974,1.4989,277239.9
2026-08-23 12:44:00+00:00,1.4989,1.499,1.4983,1.4989,175185.5
2026-08-23 12:45:00+00:00,1.4989,1.4989,1.4955,1.4955,139800.5
2026-08-23 12:46:00+00:00,1.4955,1.4982,1.494,1.498,121860.0
2026-08-23 12:47:00+00:00,1.498,1.498,1.496,1.4962,77017.3
2026-08-23 12:48:00+00:00,1.4962,1.4968,1.4946,1.4949,176762.6
2026-08-23 12:49:00+00:00,1.4949,1.4949,1.4941,1.4946,103051.6
2026-08-23 12:50:00+00:00,1.4946,1.4962,1.4945,1.496,273627.4
2026-08-23 12:51:00+00:00,1.496,1.496,1.4945,1.4955,53647.2
2026-08-23 12:52:00+00:00,1.4955,1.4957,1.4939,1.4939,91564.3
2026-08-23 12:53:00+00:00,1.4939,1.4945,1.4917,1.4924,280263.1
2026-08-23 12:54:00+00:00,1.4924,1.4924,1.4906,1.4922,124609.8
2026-08-23 12:55:00+00:00,1.4922,1.4953,1.4921,1.4949,469420.3
2026-08-23 12:56:00+00:00,1.4949,1.4952,1.4927,1.4928,183314.9
2026-08-23 12:57:00+00:00,1.4928,1.4948,1.4926,1.4945,49747.1
2026-08-23 12:58:00+00:00,1.4945,1.4956,1.4944,1.4949,143905.0
2026-08-23 12:59:00+00:00,1.4949,1.4958,1.4945,1.4945,87625.5
2026-08-23 13:00:00+00:00,1.4945,1.4962,1.4942,1.4961,151533.2
2026-08-23 13:01:00+00:00,1.4961,1.497,1.4956,1.4965,482050.4
2026-08-23 13:02:00+00:00,1.4965,1.497,1.4952,1.4961,238778.9
2026-08-23 13:03:00+00:00,1.4961,1.4961,1.4932,1.495,215770.4
2026-08-23 13:04:00+00:00,1.495,1.4954,1.4933,1.4954,357785.9
2026-08-23 13:05:00+00:00,1.4954,1.498,1.4954,1.4977,212652.6
2026-08-23 13:06:00+00:00,1.4977,1.4996,1.4972,1.4994,330977.5
2026-08-23 13:07:00+00:00,1.4994,1.5026,1.498,1.4995,1335470.1
2026-08-23 13:08:00+00:00,1.4995,1.5006,1.4976,1.4988,642826.9
2026-08-23 13:09:00+00:00,1.4988,1.5008,1.4988,1.5002,382160.7
2026-08-23 13:10:00+00:00,1.5002,1.503,1.4999,1.5018,1966318.9
2026-08-23 13:11:00+00:00,1.5018,1.5031,1.4993,1.4995,291097.9
2026-08-23 13:12:00+00:00,1.4995,1.5022,1.4992,1.5021,471539.7
2026-08-23 13:13:00+00:00,1.5021,1.5022,1.5005,1.5005,138064.2
2026-08-23 13:14:00+00:00,1.5005,1.5018,1.5002,1.5015,61713.6
2026-08-23 13:15:00+00:00,1.5015,1.5017,1.5005,1.5011,287057.7
2026-08-23 13:16:00+00:00,1.5011,1.5015,1.4978,1.4981,394237.4
2026-08-23 13:17:00+00:00,1.4981,1.5074,1.4981,1.5023,1734624.3
2026-08-23 13:18:00+00:00,1.5023,1.5124,1.5019,1.5096,2601056.0
2026-08-23 13:19:00+00:00,1.5096,1.5227,1.5096,1.5185,5306155.3
2026-08-23 13:20:00+00:00,1.5185,1.5248,1.5143,1.516,2685542.4
2026-08-23 13:21:00+00:00,1.516,1.5179,1.5089,1.5127,2342788.8
2026-08-23 13:22:00+00:00,1.5127,1.5159,1.5105,1.5158,867442.1
2026-08-23 13:23:00+00:00,1.5158,1.5178,1.5129,1.5149,1128965.3
2026-08-23 13:24:00+00:00,1.5149,1.5176,1.5113,1.5115,1825895.5
2026-08-23 13:25:00+00:00,1.5115,1.5119,1.5081,1.5083,621690.4
2026-08-23 13:26:00+00:00,1.5083,1.5104,1.5078,1.5099,558849.9
2026-08-23 13:27:00+00:00,1.5099,1.5107,1.5059,1.5074,619375.9
2026-08-23 13:28:00+00:00,1.5074,1.5076,1.5041,1.5061,1214237.6
2026-08-23 13:29:00+00:00,1.5061,1.5066,1.5039,1.505,710811.2
2026-08-23 13:30:00+00:00,1.505,1.5081,1.5037,1.5081,1063082.3
2026-08-23 13:31:00+00:00,1.5081,1.5091,1.5036,1.5083,625273.5
2026-08-23 13:32:00+00:00,1.5083,1.5109,1.507,1.5072,543100.9
2026-08-23 13:33:00+00:00,1.5072,1.5088,1.5057,1.5085,400660.1
2026-08-23 13:34:00+00:00,1.5085,1.5085,1.5043,1.5051,527480.9
2026-08-23 13:35:00+00:00,1.5051,1.5064,1.5026,1.5049,347418.7
2026-08-23 13:36:00+00:00,1.5049,1.5119,1.5046,1.5109,662330.2
2026-08-23 13:37:00+00:00,1.5109,1.5128,1.51,1.5118,368454.6
2026-08-23 13:38:00+00:00,1.5118,1.5157,1.5113,1.5152,531303.6
2026-08-23 13:39:00+00:00,1.5152,1.5178,1.5151,1.5169,1390774.0
2026-08-23 13:40:00+00:00,1.5169,1.517,1.5142,1.5158,228531.4
2026-08-23 13:41:00+00:00,1.5158,1.5161,1.5143,1.5153,609188.7
2026-08-23 13:42:00+00:00,1.5153,1.5159,1.5133,1.5139,498107.7
2026-08-23 13:43:00+00:00,1.5139,1.5153,1.5119,1.5135,226886.8
2026-08-23 13:44:00+00:00,1.5135,1.5154,1.5125,1.5153,253458.2
2026-08-23 13:45:00+00:00,1.5153,1.5171,1.5105,1.5158,594500.1
2026-08-23 13:46:00+00:00,1.5158,1.5193,1.5146,1.5192,778767.8
2026-08-23 13:47:00+00:00,1.5192,1.5221,1.518,1.521,675699.9
2026-08-23 13:48:00+00:00,1.521,1.5225,1.5203,1.5212,322202.3
2026-08-23 13:49:00+00:00,1.5212,1.5212,1.5166,1.5167,320698.1
2026-08-23 13:50:00+00:00,1.5167,1.52,1.5164,1.5191,360749.8
2026-08-23 13:51:00+00:00,1.5191,1.5193,1.516,1.516,479429.3
2026-08-23 13:52:00+00:00,1.516,1.5186,1.516,1.517,315991.6
2026-08-23 13:53:00+00:00,1.517,1.5198,1.5147,1.5198,336135.0
2026-08-23 13:54:00+00:00,1.5198,1.5226,1.5191,1.5212,536642.9
2026-08-23 13:55:00+00:00,1.5212,1.5212,1.5188,1.5197,332888.5
2026-08-23 13:56:00+00:00,1.5197,1.5229,1.519,1.5215,548459.4
2026-08-23 13:57:00+00:00,1.5215,1.5222,1.5196,1.5218,246965.1
2026-08-23 13:58:00+00:00,1.5218,1.5224,1.5205,1.5213,194578.4
2026-08-23 13:59:00+00:00,1.5213,1.5254,1.5201,1.5203,1316410.3
2026-08-23 14:00:00+00:00,1.5203,1.5217,1.5181,1.5211,419757.5
2026-08-23 14:01:00+00:00,1.5211,1.5227,1.5205,1.5227,297820.9
2026-08-23 14:02:00+00:00,1.5227,1.528,1.5227,1.5269,1133865.4
2026-08-23 14:03:00+00:00,1.5269,1.5278,1.5238,1.5248,690516.0
2026-08-23 14:04:00+00:00,1.5248,1.5276,1.5228,1.527,184425.1
2026-08-23 14:05:00+00:00,1.527,1.5308,1.5263,1.5267,1007532.1
2026-08-23 14:06:00+00:00,1.5267,1.5269,1.5195,1.5236,962124.9
2026-08-23 14:07:00+00:00,1.5236,1.5236,1.5201,1.5214,422701.6
2026-08-23 14:08:00+00:00,1.5214,1.5278,1.5208,1.5267,302749.5
2026-08-23 14:09:00+00:00,1.5267,1.5273,1.5251,1.5254,231407.5
2026-08-23 14:10:00+00:00,1.5254,1.5309,1.525,1.5303,693190.5
2026-08-23 14:11:00+00:00,1.5303,1.5344,1.5288,1.5319,1800997.9
2026-08-23 14:12:00+00:00,1.5319,1.5386,1.5311,1.5375,2937036.9
2026-08-23 14:13:00+00:00,1.5375,1.5461,1.5372,1.5461,3016751.9
2026-08-23 14:14:00+00:00,1.5461,1.5507,1.5425,1.5501,1664737.4
2026-08-23 14:15:00+00:00,1.5501,1.5503,1.5412,1.5443,1845227.8
2026-08-23 14:16:00+00:00,1.5443,1.5472,1.5427,1.5452,1109156.4
2026-08-23 14:17:00+00:00,1.5452,1.5459,1.5402,1.5409,1215091.7
2026-08-23 14:18:00+00:00,1.5409,1.541,1.5345,1.5351,2005814.2
2026-08-23 14:19:00+00:00,1.5351,1.5381,1.5323,1.5358,894453.3
2026-08-23 14:20:00+00:00,1.5358,1.5418,1.5355,1.5401,1161003.5
2026-08-23 14:21:00+00:00,1.5401,1.5401,1.537,1.5379,774991.4
2026-08-23 14:22:00+00:00,1.5379,1.5394,1.5325,1.5325,461629.3
2026-08-23 14:23:00+00:00,1.5325,1.5335,1.5258,1.531,2063094.4
2026-08-23 14:24:00+00:00,1.531,1.532,1.5272,1.5279,506068.9
2026-08-23 14:25:00+00:00,1.5279,1.5309,1.5267,1.5296,535561.5
2026-08-23 14:26:00+00:00,1.5296,1.5325,1.5272,1.5278,689018.8
2026-08-23 14:27:00+00:00,1.5278,1.5305,1.5275,1.528,340164.1
2026-08-23 14:28:00+00:00,1.528,1.5298,1.5271,1.5281,392260.8
2026-08-23 14:29:00+00:00,1.5281,1.5286,1.5263,1.5266,1474409.7
2026-08-23 14:30:00+00:00,1.5266,1.5321,1.5241,1.5289,3091017.2
2026-08-23 14:31:00+00:00,1.5289,1.5312,1.5287,1.5304,380056.9
2026-08-23 14:32:00+00:00,1.5304,1.5307,1.5271,1.5284,617858.3
2026-08-23 14:33:00+00:00,1.5284,1.5355,1.5284,1.5351,961343.7
2026-08-23 14:34:00+00:00,1.5351,1.5356,1.5319,1.5347,276170.1
2026-08-23 14:35:00+00:00,1.5347,1.5392,1.5347,1.5383,509529.1
2026-08-23 14:36:00+00:00,1.5383,1.5435,1.5364,1.5405,2213575.4
2026-08-23 14:37:00+00:00,1.5405,1.543,1.5404,1.5416,302325.2
2026-08-23 14:38:00+00:00,1.5416,1.543,1.5399,1.5424,423174.4
2026-08-23 14:39:00+00:00,1.5424,1.5432,1.5332,1.5341,946064.1
2026-08-23 14:40:00+00:00,1.5341,1.5379,1.5336,1.5362,1235404.8
2026-08-23 14:41:00+00:00,1.5362,1.5371,1.5323,1.5328,524750.3
2026-08-23 14:42:00+00:00,1.5328,1.5335,1.4561,1.4684,26783471.2
2026-08-23 14:43:00+00:00,1.4684,1.4993,1.4546,1.4992,15307061.8
2026-08-23 14:44:00+00:00,1.4992,1.5033,1.4937,1.4976,5295039.7
2026-08-23 14:45:00+00:00,1.4976,1.5104,1.4967,1.5037,2506834.0
2026-08-23 14:46:00+00:00,1.5037,1.5112,1.5036,1.5079,1631507.8
2026-08-23 14:47:00+00:00,1.5079,1.5104,1.5059,1.5088,2077127.0
2026-08-23 14:48:00+00:00,1.5088,1.5145,1.5087,1.5119,1321137.6
2026-08-23 14:49:00+00:00,1.5119,1.5142,1.51,1.5123,888432.2
2026-08-23 14:50:00+00:00,1.5123,1.517,1.5113,1.5163,754591.6
2026-08-23 14:51:00+00:00,1.5163,1.5163,1.511,1.5146,753099.1
2026-08-23 14:52:00+00:00,1.5146,1.5192,1.5145,1.5169,939562.8
2026-08-23 14:53:00+00:00,1.5169,1.5176,1.5128,1.5154,518830.0
2026-08-23 14:54:00+00:00,1.5154,1.5219,1.5134,1.5197,1143011.1
2026-08-23 14:55:00+00:00,1.5197,1.5198,1.5078,1.5125,1424683.5
2026-08-23 14:56:00+00:00,1.5125,1.5151,1.5106,1.5141,481325.4
2026-08-23 14:57:00+00:00,1.5141,1.5186,1.5124,1.5184,470346.3
2026-08-23 14:58:00+00:00,1.5184,1.5184,1.513,1.5154,707109.5
2026-08-23 14:59:00+00:00,1.5154,1.517,1.5134,1.5152,287156.5
2026-08-23 15:00:00+00:00,1.5152,1.5173,1.5055,1.5072,1634678.8
2026-08-23 15:01:00+00:00,1.5072,1.5163,1.5036,1.514,1070813.9
2026-08-23 15:02:00+00:00,1.514,1.516,1.5076,1.5097,626036.5
2026-08-23 15:03:00+00:00,1.5097,1.5125,1.5072,1.5115,475306.5
2026-08-23 15:04:00+00:00,1.5115,1.5158,1.5105,1.5141,570378.2
2026-08-23 15:05:00+00:00,1.5141,1.5164,1.5128,1.5157,302887.1
2026-08-23 15:06:00+00:00,1.5157,1.5172,1.5122,1.5128,722319.9
2026-08-23 15:07:00+00:00,1.5128,1.5149,1.5114,1.5114,710480.5
2026-08-23 15:08:00+00:00,1.5114,1.5119,1.508,1.5084,383263.8
2026-08-23 15:09:00+00:00,1.5084,1.5099,1.5064,1.5096,192473.8
2026-08-23 15:10:00+00:00,1.5096,1.5105,1.5085,1.5094,198693.1
2026-08-23 15:11:00+00:00,1.5094,1.5094,1.5018,1.503,1248586.5
2026-08-23 15:12:00+00:00,1.503,1.5049,1.4991,1.5008,2519972.5
2026-08-23 15:13:00+00:00,1.5008,1.5016,1.4961,1.4987,1455417.6
2026-08-23 15:14:00+00:00,1.4987,1.502,1.4978,1.4988,872432.2
2026-08-23 15:15:00+00:00,1.4988,1.4997,1.4921,1.4963,1582500.1
2026-08-23 15:16:00+00:00,1.4963,1.4965,1.4903,1.4945,799243.7
2026-08-23 15:17:00+00:00,1.4945,1.4994,1.4942,1.4986,615760.6
2026-08-23 15:18:00+00:00,1.4986,1.4993,1.4963,1.4965,306302.6
2026-08-23 15:19:00+00:00,1.4965,1.4965,1.4869,1.4919,2447557.9
2026-08-23 15:20:00+00:00,1.4919,1.4967,1.4901,1.4958,812037.8
2026-08-23 15:21:00+00:00,1.4958,1.4992,1.4956,1.4989,686011.5
2026-08-23 15:22:00+00:00,1.4989,1.5026,1.4966,1.5003,1789593.4
2026-08-23 15:23:00+00:00,1.5003,1.501,1.4951,1.4963,254524.2
2026-08-23 15:24:00+00:00,1.4963,1.5026,1.4959,1.5012,361753.0
2026-08-23 15:25:00+00:00,1.5012,1.5025,1.4995,1.5021,440894.9
2026-08-23 15:26:00+00:00,1.5021,1.5038,1.5012,1.5033,587765.4
2026-08-23 15:27:00+00:00,1.5033,1.507,1.5029,1.5051,490462.6
2026-08-23 15:28:00+00:00,1.5051,1.5066,1.5022,1.5027,262202.6
2026-08-23 15:29:00+00:00,1.5027,1.5038,1.5024,1.5038,81963.7
2026-08-23 15:30:00+00:00,1.5038,1.5063,1.5038,1.5049,101848.1
2026-08-23 15:31:00+00:00,1.5031,1.5044,1.5031,1.5044,3266.6
2026-08-23 15:32:00+00:00,1.5044,1.5044,1.4978,1.499,859290.5
2026-08-23 15:33:00+00:00,1.499,1.499,1.497,1.4975,485280.2
2026-08-23 15:34:00+00:00,1.4975,1.5002,1.4969,1.4983,582702.7
2026-08-23 15:35:00+00:00,1.4983,1.5038,1.4979,1.5021,583621.4
2026-08-23 15:36:00+00:00,1.5023,1.5047,1.5023,1.5043,64459.7
2026-08-23 15:37:00+00:00,1.5032,1.5046,1.5026,1.5046,72639.0
2026-08-23 15:38:00+00:00,1.5046,1.5053,1.5036,1.505,178613.5
2026-08-23 15:39:00+00:00,1.505,1.5087,1.5035,1.5075,602982.0
2026-08-23 15:40:00+00:00,1.5075,1.5118,1.5068,1.5094,638158.7
2026-08-23 15:41:00+00:00,1.5094,1.5105,1.5042,1.5063,393298.7
2026-08-23 15:42:00+00:00,1.5063,1.5069,1.505,1.505,173966.9
2026-08-23 15:43:00+00:00,1.505,1.5083,1.505,1.5073,238860.1
2026-08-23 15:44:00+00:00,1.5073,1.5091,1.5073,1.5083,157533.3
2026-08-23 15:45:00+00:00,1.5083,1.5083,1.5041,1.5054,144931.8
2026-08-23 15:46:00+00:00,1.5054,1.5096,1.5052,1.5076,127362.2
2026-08-23 15:47:00+00:00,1.5076,1.51,1.5072,1.5083,151833.8
2026-08-23 15:48:00+00:00,1.5083,1.5083,1.5053,1.5071,179262.5
2026-08-23 15:49:00+00:00,1.5071,1.5071,1.5045,1.5048,93052.3
2026-08-23 15:50:00+00:00,1.5048,1.5056,1.5043,1.5048,91687.8
2026-08-23 15:51:00+00:00,1.5048,1.5078,1.5047,1.5062,151642.2
2026-08-23 15:52:00+00:00,1.5062,1.5072,1.5042,1.5048,111757.5
2026-08-23 15:53:00+00:00,1.5048,1.5057,1.5031,1.5031,118393.5
2026-08-23 15:54:00+00:00,1.5031,1.5038,1.4986,1.5008,1260339.7
2026-08-23 15:55:00+00:00,1.5008,1.5048,1.5006,1.502,299488.9
2026-08-23 15:56:00+00:00,1.502,1.5026,1.5002,1.5014,245170.7
2026-08-23 15:57:00+00:00,1.5014,1.5014,1.493,1.4968,2275013.8
2026-08-23 15:58:00+00:00,1.4968,1.4971,1.495,1.4955,218066.6
2026-08-23 15:59:00+00:00,1.4955,1.4965,1.4954,1.4965,124945.5
2026-08-23 16:00:00+00:00,1.4965,1.4999,1.4965,1.4987,137801.2
2026-08-23 16:01:00+00:00,1.4987,1.5016,1.4987,1.5016,203698.7
2026-08-23 16:02:00+00:00,1.5016,1.5023,1.4984,1.4997,123027.8
2026-08-23 16:03:00+00:00,1.4997,1.5028,1.4995,1.502,99878.7
2026-08-23 16:04:00+00:00,1.502,1.5037,1.501,1.5023,390353.0
2026-08-23 16:05:00+00:00,1.5023,1.5023,1.4987,1.5016,306539.9
2026-08-23 16:06:00+00:00,1.5016,1.5021,1.4991,1.4992,88680.1
2026-08-23 16:07:00+00:00,1.4992,1.4992,1.4953,1.4961,319619.9
2026-08-23 16:08:00+00:00,1.4961,1.4987,1.4961,1.4985,102994.9
2026-08-23 16:09:00+00:00,1.4985,1.499,1.4955,1.4961,84698.1
2026-08-23 16:10:00+00:00,1.4961,1.5006,1.4947,1.4999,184133.2
2026-08-23 16:11:00+00:00,1.4999,1.5015,1.4981,1.5003,157984.1
2026-08-23 16:12:00+00:00,1.5003,1.502,1.4985,1.5009,80275.3
2026-08-23 16:13:00+00:00,1.5009,1.5042,1.4997,1.504,430070.2
2026-08-23 16:14:00+00:00,1.504,1.5042,1.5031,1.5041,63356.2
2026-08-23 16:15:00+00:00,1.5041,1.5044,1.4999,1.5003,165923.5
2026-08-23 16:16:00+00:00,1.5003,1.5029,1.5003,1.5019,173552.5
2026-08-23 16:17:00+00:00,1.5019,1.503,1.4983,1.4992,188256.5
2026-08-23 16:18:00+00:00,1.4992,1.4992,1.4967,1.4976,103988.0
2026-08-23 16:19:00+00:00,1.4976,1.4991,1.4962,1.4965,235863.6
2026-08-23 16:20:00+00:00,1.4965,1.499,1.4937,1.499,354430.4
2026-08-23 16:21:00+00:00,1.499,1.5021,1.4972,1.5017,150436.7
2026-08-23 16:22:00+00:00,1.5017,1.5018,1.4983,1.4984,95559.9
2026-08-23 16:23:00+00:00,1.4984,1.4991,1.497,1.4984,57527.9
2026-08-23 16:24:00+00:00,1.4984,1.4998,1.4971,1.4984,145869.7
2026-08-23 16:25:00+00:00,1.4984,1.4997,1.496,1.4983,142616.6
2026-08-23 16:26:00+00:00,1.4983,1.4989,1.4972,1.4984,143097.8
2026-08-23 16:27:00+00:00,1.4984,1.4991,1.4965,1.4971,66958.6
2026-08-23 16:28:00+00:00,1.4971,1.4978,1.4948,1.4955,320468.1
2026-08-23 16:29:00+00:00,1.4955,1.4986,1.495,1.4975,116051.0
2026-08-23 16:30:00+00:00,1.4975,1.4982,1.4958,1.496,77378.8
2026-08-23 16:31:00+00:00,1.496,1.4989,1.4948,1.4987,160574.0
2026-08-23 16:32:00+00:00,1.4987,1.5004,1.4984,1.5,620722.9
2026-08-23 16:33:00+00:00,1.5,1.5074,1.5,1.5068,1091757.6
2026-08-23 16:34:00+00:00,1.5068,1.5111,1.5068,1.5105,406411.0
2026-08-23 16:35:00+00:00,1.5105,1.5105,1.5077,1.5083,266200.3
2026-08-23 16:36:00+00:00,1.5083,1.51,1.5066,1.5072,279689.6
2026-08-23 16:37:00+00:00,1.5072,1.5082,1.5039,1.5046,128677.2
2026-08-23 16:38:00+00:00,1.5046,1.5064,1.5034,1.5052,199905.5
2026-08-23 16:39:00+00:00,1.5052,1.5052,1.5026,1.5046,87699.4
2026-08-23 16:40:00+00:00,1.5046,1.5066,1.5044,1.5057,226276.2
2026-08-23 16:41:00+00:00,1.5057,1.5067,1.5049,1.5058,431454.7
2026-08-23 16:42:00+00:00,1.5058,1.5061,1.5039,1.5051,36101.9
2026-08-23 16:43:00+00:00,1.5051,1.5072,1.5047,1.5048,82670.7
2026-08-23 16:44:00+00:00,1.5048,1.5053,1.5028,1.5032,76574.3
2026-08-23 16:45:00+00:00,1.5032,1.5039,1.5018,1.5029,266767.9
2026-08-23 16:46:00+00:00,1.5029,1.5064,1.5027,1.5061,116265.7
2026-08-23 16:47:00+00:00,1.5061,1.5079,1.505,1.506,127405.9
2026-08-23 16:48:00+00:00,1.506,1.5062,1.5021,1.5046,230513.6
2026-08-23 16:49:00+00:00,1.5046,1.5056,1.5039,1.5048,80288.6
2026-08-23 16:50:00+00:00,1.5048,1.5057,1.5043,1.5056,71247.3
2026-08-23 16:51:00+00:00,1.5056,1.5103,1.5056,1.5089,209828.9
2026-08-23 16:52:00+00:00,1.5089,1.5104,1.5069,1.5069,323913.7
2026-08-23 16:53:00+00:00,1.5069,1.5076,1.5055,1.5067,140924.9
2026-08-23 16:54:00+00:00,1.5067,1.5069,1.5053,1.5053,90372.5
2026-08-23 16:55:00+00:00,1.5053,1.5061,1.5052,1.5055,84724.8
2026-08-23 16:56:00+00:00,1.5055,1.5055,1.5035,1.5053,371838.4
2026-08-23 16:57:00+00:00,1.5053,1.5071,1.5052,1.5066,27312.8
2026-08-23 16:58:00+00:00,1.5066,1.5076,1.5054,1.5061,96288.6
2026-08-23 16:59:00+00:00,1.5061,1.5073,1.506,1.5071,93772.0
2026-08-23 17:00:00+00:00,1.5071,1.5122,1.5071,1.5119,487804.3
2026-08-23 17:01:00+00:00,1.5119,1.5149,1.508,1.5099,1219674.5
2026-08-23 17:02:00+00:00,1.5099,1.511,1.5059,1.5059,301475.4
2026-08-23 17:03:00+00:00,1.5059,1.5071,1.5016,1.5045,912759.6
2026-08-23 17:04:00+00:00,1.5045,1.5079,1.504,1.507,256461.6
2026-08-23 17:05:00+00:00,1.507,1.5127,1.5069,1.5116,554616.4
2026-08-23 17:06:00+00:00,1.5116,1.5128,1.5109,1.5124,194753.6
2026-08-23 17:07:00+00:00,1.5124,1.5152,1.5094,1.5103,481359.9
2026-08-23 17:08:00+00:00,1.5103,1.5164,1.5101,1.5154,416072.5
2026-08-23 17:09:00+00:00,1.5154,1.516,1.5142,1.5156,286484.6
2026-08-23 17:10:00+00:00,1.5156,1.5159,1.5121,1.5132,147901.6
2026-08-23 17:11:00+00:00,1.5132,1.5138,1.5119,1.5124,114568.3
2026-08-23 17:12:00+00:00,1.5124,1.5154,1.5124,1.5148,449610.4
2026-08-23 17:13:00+00:00,1.5148,1.5182,1.5147,1.5173,348006.7
2026-08-23 17:14:00+00:00,1.5173,1.5184,1.516,1.5177,230815.8
2026-08-23 17:15:00+00:00,1.5177,1.5178,1.5108,1.512,498121.7
2026-08-23 17:16:00+00:00,1.512,1.5139,1.5094,1.5125,660435.3
2026-08-23 17:17:00+00:00,1.5125,1.5159,1.5107,1.5154,134979.1
2026-08-23 17:18:00+00:00,1.5154,1.5215,1.5127,1.5202,953498.0
2026-08-23 17:19:00+00:00,1.5202,1.5203,1.5177,1.5203,386731.6
2026-08-23 17:20:00+00:00,1.5203,1.5205,1.5175,1.518,211017.2
2026-08-23 17:21:00+00:00,1.518,1.5193,1.5179,1.5187,100043.0
2026-08-23 17:22:00+00:00,1.5187,1.524,1.5187,1.5231,951315.4
2026-08-23 17:23:00+00:00,1.5231,1.5237,1.5188,1.5188,558284.1
2026-08-23 17:24:00+00:00,1.5188,1.5192,1.5154,1.5159,180977.5
2026-08-23 17:25:00+00:00,1.5159,1.5174,1.5148,1.5162,394334.8
2026-08-23 17:26:00+00:00,1.5162,1.5171,1.5137,1.5141,163724.3
2026-08-23 17:27:00+00:00,1.5141,1.5141,1.5118,1.5121,451812.8
2026-08-23 17:28:00+00:00,1.5121,1.5121,1.5093,1.5099,1075492.6
2026-08-23 17:29:00+00:00,1.5099,1.5116,1.5095,1.5103,223441.4
2026-08-23 17:30:00+00:00,1.5103,1.5114,1.5099,1.5106,121914.2
2026-08-23 17:31:00+00:00,1.5106,1.5106,1.5025,1.5027,1299646.9
2026-08-23 17:32:00+00:00,1.5027,1.5063,1.4984,1.5061,1259987.6
2026-08-23 17:33:00+00:00,1.5061,1.51,1.5058,1.5074,482292.2
2026-08-23 17:34:00+00:00,1.5074,1.5107,1.5074,1.5087,229107.2
2026-08-23 17:35:00+00:00,1.5087,1.5132,1.5086,1.5119,616638.7
2026-08-23 17:36:00+00:00,1.5119,1.5161,1.5118,1.515,799299.1
2026-08-23 17:37:00+00:00,1.515,1.5157,1.5109,1.5115,278467.3
2026-08-23 17:38:00+00:00,1.5115,1.5134,1.5104,1.5106,309584.4
2026-08-23 17:39:00+00:00,1.5106,1.513,1.5088,1.5103,347123.2
2026-08-23 17:40:00+00:00,1.5103,1.5108,1.5096,1.5108,56395.6
2026-08-23 17:41:00+00:00,1.5108,1.5113,1.5093,1.5096,119075.1
2026-08-23 17:42:00+00:00,1.5096,1.5129,1.5094,1.511,253080.3
2026-08-23 17:43:00+00:00,1.511,1.5138,1.5107,1.5138,33649.5
2026-08-23 17:44:00+00:00,1.5138,1.5138,1.5111,1.5123,197146.0
2026-08-23 17:45:00+00:00,1.5123,1.5203,1.5123,1.5179,1006508.7
2026-08-23 17:46:00+00:00,1.5179,1.5184,1.5107,1.5116,603721.1
2026-08-23 17:47:00+00:00,1.5116,1.5121,1.5067,1.5074,428537.8
2026-08-23 17:48:00+00:00,1.5074,1.5088,1.5068,1.5074,143037.6
2026-08-23 17:49:00+00:00,1.5074,1.5077,1.5059,1.5067,54098.7
2026-08-23 17:50:00+00:00,1.5067,1.5071,1.504,1.5045,395416.7
2026-08-23 17:51:00+00:00,1.5045,1.506,1.5044,1.5052,139336.2
2026-08-23 17:52:00+00:00,1.5052,1.5078,1.5052,1.5068,153760.0
2026-08-23 17:53:00+00:00,1.5068,1.509,1.506,1.5081,185769.7
2026-08-23 17:54:00+00:00,1.5081,1.5092,1.5053,1.5057,269980.2
2026-08-23 17:55:00+00:00,1.5057,1.5069,1.505,1.505,63609.0
2026-08-23 17:56:00+00:00,1.505,1.5078,1.5043,1.5063,111150.2
2026-08-23 17:57:00+00:00,1.5063,1.5075,1.5061,1.5064,241092.4
2026-08-23 17:58:00+00:00,1.5064,1.508,1.5064,1.5071,140151.0
2026-08-23 17:59:00+00:00,1.5071,1.5074,1.5042,1.5047,125714.6
2026-08-23 18:00:00+00:00,1.5047,1.5057,1.503,1.5054,190700.8
2026-08-23 18:01:00+00:00,1.5054,1.5057,1.502,1.5041,145357.9
2026-08-23 18:02:00+00:00,1.5041,1.5057,1.5029,1.5055,31680.4
2026-08-23 18:03:00+00:00,1.5055,1.5073,1.5053,1.5072,69373.1
2026-08-23 18:04:00+00:00,1.5072,1.5082,1.5064,1.5079,47831.5
2026-08-23 18:05:00+00:00,1.5079,1.5079,1.5058,1.5073,120631.5
2026-08-23 18:06:00+00:00,1.5073,1.5092,1.5067,1.5078,198632.0
2026-08-23 18:07:00+00:00,1.5078,1.5082,1.5043,1.5047,184097.2
2026-08-23 18:08:00+00:00,1.5047,1.506,1.5035,1.5058,173513.8
2026-08-23 18:09:00+00:00,1.5058,1.5107,1.5054,1.5107,443383.7
2026-08-23 18:10:00+00:00,1.5107,1.5113,1.5096,1.5109,479697.9
2026-08-23 18:11:00+00:00,1.5109,1.5151,1.5097,1.5113,860275.4
2026-08-23 18:12:00+00:00,1.5113,1.5161,1.5113,1.5161,778966.9
2026-08-23 18:13:00+00:00,1.5161,1.5199,1.5115,1.5152,3608566.5
2026-08-23 18:14:00+00:00,1.5152,1.516,1.5141,1.5141,471984.9
2026-08-23 18:15:00+00:00,1.5141,1.5151,1.5132,1.5142,277336.2
2026-08-23 18:16:00+00:00,1.5142,1.5152,1.5111,1.5117,202069.7
2026-08-23 18:17:00+00:00,1.5117,1.5128,1.5103,1.5103,129593.9
2026-08-23 18:18:00+00:00,1.5103,1.5113,1.5091,1.5105,204737.4
2026-08-23 18:19:00+00:00,1.5105,1.5105,1.5091,1.5093,96688.6
2026-08-23 18:20:00+00:00,1.5093,1.5095,1.5064,1.5085,254162.0
2026-08-23 18:21:00+00:00,1.5085,1.5104,1.5077,1.5104,67388.0
2026-08-23 18:22:00+00:00,1.5104,1.5105,1.503,1.5053,838597.6
2026-08-23 18:23:00+00:00,1.5053,1.5079,1.5046,1.5071,425530.8
2026-08-23 18:24:00+00:00,1.5071,1.5074,1.5053,1.5059,95193.9
2026-08-23 18:25:00+00:00,1.5059,1.5078,1.5051,1.5074,30743.7
2026-08-23 18:26:00+00:00,1.5074,1.5088,1.5073,1.5083,44423.1
2026-08-23 18:27:00+00:00,1.5083,1.5089,1.5071,1.5073,93714.7
2026-08-23 18:28:00+00:00,1.5073,1.5107,1.5071,1.509,241429.2
2026-08-23 18:29:00+00:00,1.509,1.5097,1.5076,1.5078,21546.2
2026-08-23 18:30:00+00:00,1.5078,1.509,1.5075,1.5085,75380.3
2026-08-23 18:31:00+00:00,1.5085,1.5088,1.5063,1.5063,76110.6
2026-08-23 18:32:00+00:00,1.5063,1.5066,1.5047,1.5054,280497.8
2026-08-23 18:33:00+00:00,1.5054,1.5061,1.5045,1.5056,77911.9
2026-08-23 18:34:00+00:00,1.5056,1.506,1.5027,1.5029,234184.6
2026-08-23 18:35:00+00:00,1.5029,1.507,1.5027,1.5066,253255.2
2026-08-23 18:36:00+00:00,1.5066,1.5066,1.5051,1.5061,190980.7
2026-08-23 18:37:00+00:00,1.5061,1.5094,1.5061,1.5085,210512.1
2026-08-23 18:38:00+00:00,1.5085,1.5094,1.5076,1.5076,69222.4
2026-08-23 18:39:00+00:00,1.5076,1.5076,1.5052,1.5055,87673.0
2026-08-23 18:40:00+00:00,1.5055,1.5088,1.5055,1.5085,178400.4
2026-08-23 18:41:00+00:00,1.5085,1.5103,1.5079,1.5088,363352.3
2026-08-23 18:42:00+00:00,1.5088,1.5088,1.5064,1.5068,98143.3
2026-08-23 18:43:00+00:00,1.5068,1.5072,1.5062,1.5068,32756.5
2026-08-23 18:44:00+00:00,1.5068,1.5078,1.5068,1.5078,31389.4
2026-08-23 18:45:00+00:00,1.5078,1.5083,1.5068,1.5071,173115.2
2026-08-23 18:46:00+00:00,1.5071,1.5071,1.5047,1.5056,31629.5
2026-08-23 18:47:00+00:00,1.5056,1.5065,1.5043,1.5043,210007.8
2026-08-23 18:48:00+00:00,1.5043,1.5065,1.5043,1.5058,276577.2
2026-08-23 18:49:00+00:00,1.5058,1.507,1.5058,1.5061,23959.7
2026-08-23 18:50:00+00:00,1.5061,1.5065,1.5031,1.5037,138916.7
2026-08-23 18:51:00+00:00,1.5037,1.5045,1.5032,1.5045,387111.1
2026-08-23 18:52:00+00:00,1.5045,1.5046,1.5023,1.5029,397344.8
2026-08-23 18:53:00+00:00,1.5029,1.5041,1.5029,1.5032,35467.8
2026-08-23 18:54:00+00:00,1.5032,1.5046,1.5032,1.5046,21529.5
2026-08-23 18:55:00+00:00,1.5046,1.5067,1.5046,1.5057,143489.5
2026-08-23 18:56:00+00:00,1.5057,1.5058,1.5035,1.5041,26680.0
2026-08-23 18:57:00+00:00,1.5041,1.5047,1.5035,1.5047,23806.1
2026-08-23 18:58:00+00:00,1.5047,1.5079,1.5047,1.5078,71539.2
2026-08-23 18:59:00+00:00,1.5078,1.509,1.5076,1.5083,156630.2
2026-08-23 19:00:00+00:00,1.5083,1.5095,1.5072,1.5094,194700.0
2026-08-23 19:01:00+00:00,1.5094,1.5108,1.5073,1.5084,639244.7
2026-08-23 19:02:00+00:00,1.5084,1.5098,1.504,1.5042,137251.5
2026-08-23 19:03:00+00:00,1.5042,1.505,1.5021,1.5028,295508.4
2026-08-23 19:04:00+00:00,1.5028,1.5042,1.5022,1.503,79390.9
2026-08-23 19:05:00+00:00,1.503,1.5062,1.503,1.5055,169094.2
2026-08-23 19:06:00+00:00,1.5055,1.5073,1.5027,1.5029,145906.5
2026-08-23 19:07:00+00:00,1.5029,1.5029,1.4994,1.5007,723848.8
2026-08-23 19:08:00+00:00,1.5007,1.5007,1.499,1.4993,82432.0
2026-08-23 19:09:00+00:00,1.4993,1.4994,1.4953,1.4961,1094380.0
2026-08-23 19:10:00+00:00,1.4961,1.498,1.4958,1.497,342421.8
2026-08-23 19:11:00+00:00,1.497,1.4972,1.4934,1.4958,513335.9
2026-08-23 19:12:00+00:00,1.4958,1.496,1.494,1.4953,157386.5
2026-08-23 19:13:00+00:00,1.4953,1.4991,1.4927,1.4988,731572.6
2026-08-23 19:14:00+00:00,1.4988,1.4996,1.4983,1.4996,124331.9
2026-08-23 19:15:00+00:00,1.4996,1.5002,1.4975,1.5002,63339.1
2026-08-23 19:16:00+00:00,1.5002,1.5004,1.4991,1.4996,52363.8
2026-08-23 19:17:00+00:00,1.4996,1.4996,1.4992,1.4994,8344.3
2026-08-23 19:18:00+00:00,1.4994,1.5001,1.4987,1.5,78667.9
2026-08-23 19:19:00+00:00,1.5,1.5003,1.4995,1.4995,20324.8
2026-08-23 19:20:00+00:00,1.4995,1.5004,1.4994,1.5004,32908.9
2026-08-23 19:21:00+00:00,1.5004,1.5046,1.5003,1.5039,390190.4
2026-08-23 19:22:00+00:00,1.5039,1.5039,1.5011,1.5011,65408.9
2026-08-23 19:23:00+00:00,1.5011,1.5033,1.5004,1.5023,35487.8
2026-08-23 19:24:00+00:00,1.5023,1.5023,1.4987,1.4992,38946.7
2026-08-23 19:25:00+00:00,1.4992,1.5005,1.4988,1.4997,74283.3
2026-08-23 19:26:00+00:00,1.4997,1.5006,1.4991,1.4999,90018.5
2026-08-23 19:27:00+00:00,1.4999,1.5002,1.4965,1.4979,203425.0
2026-08-23 19:28:00+00:00,1.4979,1.4979,1.4968,1.4978,88801.1
2026-08-23 19:29:00+00:00,1.4978,1.4985,1.4975,1.4978,46613.0
2026-08-23 19:30:00+00:00,1.4978,1.4981,1.4952,1.4972,58751.8
2026-08-23 19:31:00+00:00,1.4972,1.4973,1.4941,1.4949,49044.6
2026-08-23 19:32:00+00:00,1.4949,1.495,1.493,1.4932,53669.8
2026-08-23 19:33:00+00:00,1.4932,1.494,1.4877,1.4936,2175734.0
2026-08-23 19:34:00+00:00,1.4936,1.4977,1.4927,1.4977,355170.6
2026-08-23 19:35:00+00:00,1.4977,1.4986,1.4965,1.4986,658857.5
2026-08-23 19:36:00+00:00,1.4986,1.5014,1.4977,1.5005,157455.1
2026-08-23 19:37:00+00:00,1.5005,1.5016,1.5005,1.5011,46308.1
2026-08-23 19:38:00+00:00,1.5011,1.5013,1.4998,1.5001,28113.1
